Project Name,Ticker,X Username
Chainlink,LINK,@chainlink
Bittensor,TAO,@opentensor
NEAR Protocol,NEAR,@nearprotocol
Internet Computer,ICP,@dfinity
Beldex,BDX,@BeldexCoin
Render,RENDER,@rendernetwork
Story,IP,@StoryProtocol
Artificial Superintelligence Alliance,FET,@ASI_Alliance
pippin,PIPPIN,@pippinlovesyou
Virtuals Protocol,VIRTUAL,@virtuals_io
The Graph,GRT,@graphprotocol
Theta Network,THETA,@Theta_Network
Arweave,AR,@arweaveeco
Golem,GLM,@golemproject
0G,0G,@0G_Foundation
OriginTrail,TRAC,@origin_trail
Kite,KITE,@GoKiteAI
Aethir,ATH,@AethirCloud
Livepeer,LPT,@Livepeer
DeXe,DEXE,N/A
Theta Fuel,TFUEL,@Theta_Network
Grass,GRASS,@grass
Alchemist AI,ALCH,@alchemistAIapp
KAITO,KAITO,@kaitoai
AIOZ Network,AIOZ,@aioznetwork
AWE Network,AWE,@awenetwork_ai
Akash Network,AKT,@akashnet
Arkham,ARKM,@arkham
Qubic,QUBIC,@_Qubic_
Pieverse,PIEVERSE,@pieverse_io
Unibase,UB,@Unibase_AI
ZIGChain,ZIG,@ZIGChain
Vana,VANA,@vana
ChainOpera AI,COAI,@ChainOpera_AI
Numeraire,NMR,@numerai
Chutes,SN64,@chutes_ai
QuantixAI,QAI,@QuantixCapital
IoTeX,IOTX,@iotex_io
Sahara AI,SAHARA,@SaharaAI
Recall,RECALL,@recallnet
SQD,SQD,@hellosqd
SentismAI,SENTIS,@Sentism_ai
Venice Token,VVV,@AskVenice
Lagrange,LA,@lagrangefndn
TAGGER,TAG,@taggerai
CARV,CARV,@carv_official
iExec RLC,RLC,@iEx_ec
Flux,FLUX,@runonflux
lium,SN51,@lium_io
AI Rig Complex,ARC,@arcdotfun
AgentLISA,LISA,@AgentLISA_ai
CYBER,CYBER,@BuildOnCyber
Ridges AI,SN62,N/A
io.net,IO,@ionet
UnifAI Network,UAI,@UnifaiNetwork
OpenLedger,OPEN,@OpenledgerFdn
IQ,IQ,@IQAICOM
Proprietary Trading Network,SN8,@taoshiio
Victoria VR,VR,@VictoriaVRcom
Targon,SN4,@manifoldlabs
Chromia,CHR,@chromia
Ocean Protocol,OCEAN,@oceanprotocol
Zentry,ZENT,@zentry
Secret,SCRT,@secretnetwork
Marlin,POND,@marlinprotocol
Sapien,SAPIEN,@joinsapien
tokenbot,CLANKER,N/A
Amiko,AMIKO,@Hey_Amiko
Treasure,MAGIC,N/A
ao Computer,AO,@aoTheComputer
Delysium,AGI,@The_Delysium
dKargo,DKA,@dKargo_Official
Auki,AUKI,@Auki
PHALA,PHA,@PhalaNetwork
aixbt,AIXBT,@aixbt_agent
Quack AI,Q,@QuackAI_AI
Mira,MIRA,@miranetwork
affine,SN120,N/A
Velvet,VELVET,@velvet_capital
ChainGPT,CGPT,@Chain_GPT
Talus Network,US,@Talus_Labs
Cookie DAO,COOKIE,@cookiedotfun
Arcblock,ABT,@ArcBlock_io
Holoworld,HOLO,@HoloworldAI
SingularityNET,AGIX,@SingularityNET
Swarm Network,TRUTH,@GetSwarmed
Allora,ALLO,@AlloraNetwork
FLOCK,FLOCK,@flock_io
OlaXBT,AIO,@olaxbt_terminal
Newton Protocol,NEWT,@newtfoundation
Foom,FOOM,@foomclub
Capx AI,CAPX,@0xcapx
Hey Anon,ANON,@HeyAnonai
Artificial Liquid Intelligence,ALI,@real_alethia
œÑemplar,SN3,N/A
Everlyn,LYN,@everlyn_ai
Autonolas,OLAS,@autonolas
ElizaOS,ELIZAOS,@ElizaEcoFund
Nillion,NIL,@nillion
Saga,SAGA,@Sagaxyz__
Freysa AI,FAI,@freysa_ai
Kled AI,KLED,@useKled
Gradients,SN56,N/A
INFINIT,IN,@Infinit_Labs
GaiAI,GAIX,@GaiAIio
The Innovation Game,TIG,@tigfoundation
World Friendship Cash,WFCA,@wfca_global
Solidus Ai Tech,AITECH,@AITECHio
iota,SN9,N/A
Nosana,NOS,@nosana_ai
Morphware,XMW,@MorphwareAI
GRIFFAIN,GRIFFAIN,@griffaindotcom
NetX,NETX,@netx_world
BankrCoin,BNKR,@bankrbot
AdEx,ADX,@AdEx_Network
Phoenix,PHB,@Phoenix_Chain
Swarms,SWARMS,@swarms_corp
GENIUS AI,GNUS,N/A
Covalent X Token,CXT,@Covalent_HQ
Vanar Chain,VANRY,@Vanarchain
Oraichain,ORAI,@oraichain
Assemble AI,ASM,@Assemble_io
Destra Network,DSYNC,@destranetwork
MIA,MIA,@mwa_ia
Chainbase,C,@ChainbaseHQ
Humans.ai,HEART,@humansdotai
Score,SN44,@webuildscore
BitMind,SN34,@BitMindAI
Thought,THT,@thought_THT
GAME by Virtuals,GAME,@GAME_Virtuals
Forta,FORT,@FortaNetwork
MyShell,SHELL,@myshell_ai
OpenKaito,SN5,N/A
Rei,REI,@ReiNetwork0x
PAAL AI,PAAL,@PaalMind
OKZOO,AIOT,@okzoo_app
Cudos,CUDOS,@CUDOS_
Hippius,SN75,@hippius_subnet
NATIX Network,NATIX,@NATIXNetwork
TARS AI,TAI,@tarsprotocol
Mamo,MAMO,@mamo
OpenServ,SERV,@openservai
GIZA,GIZA,@gizatechxyz
Wayfinder,PROMPT,@AIWayfinder
LimeWire,LMWR,@limewire
OORT,OORT,@oortech
Pundi AI,PUNDIAI,@PundiAI
404‚ÄîGEN,SN17,@404gen_
Morpheus AI,MOR,@MorpheusAIs
O Intelligence Coin,OI,@O_fndn
World3,WAI,@WORLD3_AI
Mind Network,FHE,@mindnetwork_xyz
Galeon,GALEON,@GaleonCare
DeAgentAI,AIA,@DeAgentAI
Synth,SN50,N/A
Ava AI,AVA,@AVA_holo
NOVA,SN68,@metanova_labs
NEURALAI,NEURAL,@goneuralai
RSS3,RSS3,@rss3_
Codatta,XNY,@codatta_io
Singularry,SINGULARRY,@singularryai
Coldint,SN29,N/A
HAiO,HAIO,@HAiO_Official
Nineteen.ai,SN19,N/A
TriasLab,TRIAS,@triaslab
Wrapped Hypertensor,TENSOR,@hyper_tensor
Infinity Ground,AIN,@infinityg_ai
Sportstensor,SN41,@sportstensor
LogicNet,SN35,N/A
Apex,SN1,@macrocosmosai
Akedo,AKE,@akedofun
GamerCoin,GHX,@GamerHashCom
KRYLL,KRL,@kryll_io
PinLink,PIN,@pinlinkai
Quantum Compute,SN48,@OpenQuantum_
Torus,TORUS,@torus_network
Altura,ALU,@altura
TokenFi,TOKEN,@tokenfi
TENEX,SN67,@Tenex_SN67
VIVI COIN,VIVI,@lh_vivi_
TAOHash,SN14,@taohash
Theoriq,THQ,@TheoriqAI
Dolphin,DPHN,@dphnAI
0x0.ai: AI Smart Contract,0X0,@0x0exchange
Diem,DIEM,@AskVenice
Agoras: Tau Net,AGRS,N/A
ArAIstotle,FACY,@ArAIstotle
375ai,EAT,@375ai_
Vidaio,SN85,@vidaio_
Agent Hustle,HUSTLE,@AgentHustleAI
Neuron,NRN,@NRNAgents
Numbers Protocol,NUM,@numbersprotocol
CreatorBid,BID,@CreatorBid
GAIB,GAIB,@gaib_ai
MESSIER,M87,@MessierM87
OctaSpace,OCTA,@octa_space
tao.bot,TAOBOT,@taodotbot
Quantum Innovate,SN63,@qBitTensorLabs
Bitcast,SN93,@Bitcast_network
NetMind Token,NMT,@NetmindAi
Data Universe,SN13,@macrocosmosai
ReadyAI,SN33,@ReadyAI_
DOLZ.io,DOLZ,@Dolz_official
IceCream AI,ICECREAM,@kol4u_xyz
Zeus,SN18,N/A
basilica,SN39,@basilic_ai
EfficientFrontier,SN53,N/A
HUMAN Protocol,HMT,@human_protocol
Bitsec.ai,SN60,@bitsecai
Caesar,CAESAR,@caesar_data
Kora,SN71,N/A
Bluwhale,BLUAI,@bluwhaleai
Dippy,SN11,@dippy_ai
Codec Flow,CODEC,@Codecopenflow
Gaia,GAIA,@Gaianet_AI
grail,SN81,@grail_ai
Daydreams,DREAMS,@daydreamsagents
Bitads,SN16,N/A
Edge,EDGE,@edgenetwork
Sogni AI,SOGNI,@Sogni_Protocol
Sleepless AI,AI,@SleeplessAI_Lab
Dojo,SN52,@TensorplexLabs
Coral Protocol,CORAL,@Coral_Protocol
Aleph Cloud,ALEPH,@aleph_im
REPPO,REPPO,@Repponetwork
Avo,AVO,@avodotso
Hera Finance,HERA,@HeraAggregator
Opulous,OPUL,@opulousapp
Infinite Games,SN6,@Playinfgames
Liquidity,SN77,N/A
Captain Kuma,KUMA,@BetakkumaAI
Aubrai by Bio,AUBRAI,@Aubrai_
Waveform by Virtuals,WAVE,@WaveformBackup
PublicAI,PUBLIC,@PublicAI_
HyperGPT,HGPT,@hypergpt
Spectre AI,SPECTRE,@Spectre__AI
Gud Tech,GUD,@gudtech_ai
AstraAI,ASTRA,N/A
Clore.ai,CLORE,@clore_ai
Xterio,XTER,@XterioGames
SWE - Rizzo,SN45,@gen42ai
Compute Horde,SN12,@ComputeHorde
GLADIUS,GLADIUS,@ArenaGladius
NodeAI,GPU,@NodeAIETH
Sturdy,SN10,N/A
FROK,FROK,@frok_ai
VPay,VPAY,@VPAY_Global
Graphite,SN43,@GraphiteSubnet
717ai by Virtuals,WIRE,@717CapitalAI
Gittensor,SN74,@gittensor_io
RESI,SN46,@goneuralai
SIRE,SIRE,@sire_agent
Maiga,MAIGA,@Maiga_AI
Trusta AI,TA,@TrustaLabs
WAGMI Games,WAGMIGAMES,@wagmigameco
OMEGA Labs,SN24,@omegalabsai
Presearch,PRE,@presearchnews
AITV,AITV,@aitvgg
Desearch,SN22,N/A
Mainframe,SN25,@MacrocosmosAI
Bettensor,SN30,@Bettensor
SANTA by Virtuals,SANTA,@santavirtuals
Silencio,SLC,@silencioNetwork
PaLM AI,PALM,@palmaierc
Synternet,SYNT,@synternet_com
Merit,SN73,N/A
MetYa,MY,@metyacom
Botto,BOTTO,@bottoproject
Imagen Network,IMAGE,N/A
VAIOT,VAI,@vaiot_ltd
Sundae_Bar,SN121,N/A
Cel AI,SN127,N/A
Soul Graph,GRPH,@soulgra_ph
tensorprox,SN91,@shugoio
Mantis,SN123,N/A
Almanak,ALMANAK,@Almanak
Storb,SN26,N/A
ParallelAI,PAI,@ParallelAIx
AI Network,AIN,@ainetwork_ai
Inspect,INSP,@inspectxyz
Vader,VADER,@Vader_AI_
Cortex,CTXC,@CTXCBlockchain
FAR Labs,FAR,@FARLabsAI
Opus,OPUS,@opus_universe
Artyfact,ARTY,@artyfact_game
Vertical AI,VERTAI,N/A
Omron,SN2,@inference_labs
WebGenieAI,SN54,N/A
Safe Scan,SN76,@SAFESCAN_AI
LushAI,LUSH,@LushAIAgency
Dynex,DNX,@dynexcoin
JojoWorld,JOJO,@JoJoWorld2022
Ovr,OVR,@OVRtheReality
Swarm,SN124,N/A
TAO Private Network,SN65,@SN65_TPN
Dexter AI,DEXTER,@dexteraisol
Permission Coin,ASK,@permissionIO
Web Agents - Autoppia,SN36,@AutoppiaAI
Heurist,HEU,@heurist_ai
METAVERSE,METAV,@aipool_tee
SubVortex,SN7,N/A
bitsCrunch Token,BCUT,@bitscrunch
FakeNews,SN66,N/A
Real-Time Data by Masa,SN42,@getmasafi
NodeOps,NODE,@NodeOpsHQ
Mode,MODE,@modenetwork
Orgo,ORGO,@spncrk
KONDUX,KNDX,@Kondux_KNDX
Sally A1C,A1C,@sally_a1c
Alphakek,AIKEK,@alphakek
OMEGA Any-to-Any,SN21,N/A
LibertAI,LTAI,@libertai_dai
Fuku,FUKU,@fukuonchain
Cere Network,CERE,@cereofficial
NI Compute,SN27,@neural_internet
Spectral,SPEC,@Spectral_Labs
Gaia,SN57,@Gaia_AI_
Atlas Navi,NAVI,@AtlasNavi
Rhetor,RT,@rhetor_ai
BitAgent - Rizzo,SN20,N/A
AskJimmy,ASKJ,@askjimmy_ai
RedTeam,SN61,N/A
Panther AI,PAI,@pantherappai
Empyreal,EMP,@EmpyrealSDK
SœÑŒ±king,SN88,@StakingAlpha88
StreetVision by NATIX,SN72,@NATIXNetwork
Aurelius,SN37,@AureliusAligned
8 Ball,SN125,N/A
Sensay,SNSY,@asksensay
Vericore,SN70,N/A
InfiniteHash,SN89,N/A
Cortensor,COR,@cortensor
Tensorplex Staked TAO,STTAO,@TensorplexLabs
Ethy AI,ETHY,@ethy_agent
ItsAI,SN32,N/A
BasedAI,BASEDAI,@getbasedai
Sendcoin,SEND,@thesendcoincom
Liquidity Provisioning,SN106,@v0idai
Agent Zero Token,A0T,N/A
Agent Arena by Masa,SN59,N/A
Phantasma Phoenix,SOUL,@phantasmachain
Axelrod by Virtuals,AXR,@AIxVC_Axelrod
Cod3x,CDX,@Cod3xOrg
Distributed Training,SN38,N/A
Loosh,SN78,@loosh_ai
Nuance,SN23,N/A
Precog,SN52,@CM_Precog
Chunking,SN40,N/A
Masa,MASA,@getmasafi
Dippy Speech,SN58,N/A
BitQuant,SN15,N/A
Staicy Sport,SPORT,@StaicySport
Boom,BOOM,@BOOM_FND
Somnium Space CUBEs,CUBE,@SomniumSpace
ai16z,AI16Z,@pmairca
œÑaos,SN79,@taos_im
For Sale,SN47,N/A
Candles,SN31,N/A
nuit,NUIT,@nottecore
Cat Call Agent,CAT,@CatCallAgent
Strawberry AI,BERRY,@StrawberryAI_5
Tiger Alpha,SN107,@tigerinvests
Homebrew Robotics Club,BREW,@homebrewrobots
THINK Protocol,THINK,@thinkagents
GraphLinq Chain,GLQ,@graphlinq_proto
ROVR Network,ROVR,@ROVR_Network
FLock OFF,SN96,N/A
4EVERLAND,4EVER,@4everland_org
KLEVA,KLEVA,@Kleva_AI
Creator,SN98,N/A
Docs-Insights (TaœÑsu),SN84,@TatsuEcosystem
DessalinesAI by Virtuals,DESSAI,@DessalinesAI
AGENT,AGENT,@TalosAgent
META FINANCIAL AI,MEFAI,@MetaFinancialAI
MUTE SWAP by Virtuals,MUTE,@Mute_swap
GameGPT,DUEL,@Gamegptofficial
GT Protocol,GTAI,@gt_protocol
Agent Ted,TED,@TheAgentTed
ICPanda DAO,PANDA,@ICPandaDAO
Xeleb Protocol,XCX,@xelebofficial
SwarmNode.ai,SNAI,@swarmnode
Gata,GATA,@Gata_xyz
LinqAI,LNQ,@linq_ai
StrikeBit AI,STRIKE,@StrikeBitDeFI
Effect AI,EFFECT,@effectaix
FlameWire,SN97,@FlameWire_SN
SelfKey,KEY,N/A
Dino Tycoon,TYCOON,@DinoTycoon_Web3
Tatsu,TATSU,@TatsuEcosystem
CheckerChain,SN87,@checkerchain
TPRO Network,TPRO,@tpro_network
Matrix AI Network,MAN,@MatrixAINetwork
1000x by Virtuals,1000X,@1000xAgent
A0x,A0X,@A0xbot
Cognify,SN115,N/A
Roko Network,ROKO,@RokoNetwork
DexCheck AI,DCK,@dexcheck_io
Jackal Protocol,JKL,@Jackal_Protocol
BetterTherapy,SN102,@BetterTherapyAI
ChAtoshI,CHATOSHI,@ChatoshiAi
Neutaro,NTMPI,@Timpi_TheNewWay
Syrax AI,SYRAX,@SyraxAI
TradeTide,TTD,@tradetideAI_
yesnoerror,YNE,@yesnoerror
Nuklai,NAI,@NuklaiData
minotaur,SN112,N/A
Fireverse,FIR,@FireverseV
Arai,AA,@ARAI_Systems
Sora Oracle,SORA,@SoraOracle
WhiteBridge Network,WBAI,@AiWhitebridge
Fleek,FLK,@fleek
Oneoneone,SN111,N/A
Grix,GRIX,@GrixFinance
Level 114,SN114,@level_114
SingularityDAO,SDAO,@SingularityDao
Faircaster,FAIR,N/A
Neurobro,BRO,@0xNeurobro
OpenxAI,OPENX,@openxainetwork
OSMI,OSMI,@osmi_ai
Zero1 Labs,DEAI,@zero1_labs
ARC,ARC,@ARCreactorAI
Humanode,HMND,@humanode_io
HappyAI,SN103,@Smile_mem
Sallar,ALL,@sallar_io
ORA Coin,ORA,@foundationora
Dither,DITH,@Dither_Solana
Neza,SN99,@neza_video
Privasea AI,PRAI,@Privasea_ai
Eden,EDN,@EdenApp_EDN
Taoillium,SN109,@Taoillium
Ani Grok Companion,ANI,N/A
Simmi Token,SIMMI,@Simmi_IO
Zypher Network,POP,@Zypher_Network
IMGN Labs,IMGN,@imgn_ai
FXN,FXN,@joinFXN
0xsim by Virtuals,SAGE,@0xsim_agent
XCAD Network,XCAD,@XcademyOfficial
Altered State Machine,ASTO,@altstatemachine
Bad Idea AI,BAD,N/A
Talos,T,@talos_is
SAG3.ai by Virtuals,SAG3,@SAG3_ai
Beeper Coin,BEEPER,@beeper_fun
Architex,ARCX,@Architex_ai
Carbon Browser,CSIX,@trycarbonio
DecideAI,DCD,N/A
0xGasless,0XGAS,@0xGasless
Optimus AI,OPTI,@OptimusAI_Token
EternalAI,EAI,@CryptoEternalAI
ConsumerFi Protocol,CFI,@consumerfi
Openfabric AI,OFN,@openfabricai
Ithaca Protocol,ITHACA,@IthacaProtocol
Octavia,VIA,@octaviatoken
Print,PRINT,@printfun_
Sharpe AI,SAI,@SharpeLabs
Gigabrain by virtuals,BRAIN,@GigabrainGG
Brainedge,LEARN,@Learn_Brainedge
SolMev,SN116,N/A
Ispolink,ISP,@ispolink
Reploy,RAI,@reployai
Token Metrics AI,TMAI,@tokenmetricsinc
Kenshi,KNS,@KenshiTech
FOMO,FOMO,N/A
maicrotrader,MAICRO,@maicrotrader
Hive Intelligence,HINT,@Hive_Intel
Ta-da,TADA,@Ta_da_io
Frostic,FROST,@frosticxyz
Aurra by Virtuals,AURA,@AurraCloud
Chasm,CAI,@ChasmNetwork
Thirdfy,TFY,@Thirdfy_
Degenerate SQuiD,SQDGN,@helloSQDGN
Neurahub,NEURA,@theneurahub
ASK SPLAT,SPLAT,@asksplat
Xrpturbo,XRT,@xrpturbocom
AION 5100,AION,@aion5100
LIMBO,LIMBO,@Limbo_ai
TAO INU,TAONU,@TAOinueth
LYRA,LYRA,@lyra_virtuals
Emerge,EMERGE,@tryEmerge
NANI,‚åò,@nani__ooo
RNA,SN117,N/A
Anita AI,ANITA,@itsanita_ai
Kizuna,KIZUNA,@kizunatoken
Rabbi Schlomo by Virtuals,SHEKEL,@RabbiSchlomo_Ai
Distribute.ai,DIS,@distributeai
Aura,AURA,@auraonchain
Stability World AI,AIW,@StabilityW_AI
Rivalz Network,RIZ,@Rivalz_AI
Brain,SN90,N/A
HODL ETF,SN118,N/A
Dtravel,TRVL,@DtravelDAO
Acolyt,ACOLYT,@AcolytAI
Muhdo Hub,DNA,@Muhdohealth
UOMI,UOMI,@UomiNetwork
Gloria AI,GLORIA,@itsgloria_ai
ArchAI,ARCHAI,@TheARCHAI_
GNY,GNY,@gny_io
Orbofi AI,OBI,@Orbofi
The SWARM,SWARM,@TheSWARM_ai
GameSwift,GSWIFT,@GameSwift_io
ZARA AI,ZARA,@zaara_ai
Play AI,PLAI,@playAInetwork
TrenchBuddy,TRENCH,@TrenchBuddy
LayerX,LX,@LayerXlab
Tri Sigma,TRISIG,@tri_sigma_
Out of body experience,OOBE,@OOBEonSol
MBP Coin,MBP,@mbpcoin
DeepFakeAI,FAKEAI,@DeepFakeAI_
Casper AI,AIAGENT,@AI_CSPR
Lumerin,LMR,@hellolumerin
IoTAI,IOTAI,@IoTAI_network
DeepBrain Chain,DBC,@DeepBrainChain
dotmoovs,MOOV,@dotmoovs
Hana by Virtuals,HANA,@HanaPersona_
BOTIFY,BOTIFY,@botifydotcloud
ApeScreener,APES,@apescreener
Synesis One,SNS,@synesis_one
ButlerLiquid,BL,@ButlerLiquid
RoboStack,ROBOT,@RoboStack_io
Memeputer,MEMEPUTER,@memeputer
Ratio1,R1,@ratio1ai
IDRISS,IDRISS,@idriss_xyz
Otto AI,OTTO,@OttoWallet
AIT Protocol,AIT,@AITProtocol
SuiAI,SUAI,@SuiAIFun
Oracle of Preferences ZK by Virtuals,OOPZ,@oracle_opz
Dasha,VVAIFU,@vvaifudotfun
The Upsider AI,UP,@TheUpsiderAI
Monai,MONAI,@monaidev
Flyte AI,FLYTE,@Flyte__AI
Big Tony,TONY,@BigTonyXBT
SmartCredit,SMARTCREDIT,@smartcredit_io
REVOX,REX,@revoxdotai
Big Data Protocol,BDP,@bigdataprotocol
Commune AI,COMAI,@communeaidotorg
Reflect,RFL,@RFLnow
AInalyst,AIN,@AInalyst_
Edwin,EDWIN,@buildwithedwin
Director Lucien,LUCIEN,@Director_Lucien
LEA AI,LEA,@lea_gpt
Sentio AI,SEN,@sentio_ai
Edge Matrix Computing,EMC,@EMCprotocol
Replicat-One by Virtuals,RCAT,@ReplicatsAI
aixCB by Virtuals,AIXCB,@aixCB_Vc
Nodepay,NC,@nodepay
Spore,SPORE,@sporedotfun
Miss AI,MSAI,@missai_tech
ORBIT,GRIFT,@orbitcryptoai
oracle,ORACLE,@noiceagent
Praxis,PRXS,@Praxis_Protocol
01111010011110000110001001110100,01111010011110000110001001110100,@zxbt_agent
ASYM,ASYM,@ASYMaligned
Loky by Virtuals,LOKY,@Loky_AI
Sturdy,STRDY,@SturdyFinance
Gemach,GMAC,@gemach_io
Polymtrade,PM,@polymtrade
Eliza,ELIZA,@elizawakesup
Arbus,ARBUS,@arbusai
Omnia Protocol,OMNIA,@omnia_protocol
Provenance Fact-check,PROV,@0xProvenance
Volaris Games,VOLS,@VolarisGames
Precipitate.ai,RAIN,@PrecipitateAI
0xMonk by Virtuals,MONK,@monk_agent
Olyn by Virtuals,OLYN,N/A
Navigate,NVG8,@navigate_ai
Jatevo,JTVO,@JatevoId
blai,BLAI,@blaiapp
MAX,MAX,N/A
TgMetrics,TGMETRICS,@tgmetrics
Janitor,JANITOR,@JanitorBNB
WachAI,WACH,@WachXBT
Nexgent AI,NEXGENT,@NexgentAI
Bitrecs,SN122,@Bitrecs
TypeAI,TYPE,@Typeai2
Zaia by Virtuals,ZAIA,@zaiaapp
enqAI,ENQAI,@enq_AI
HDOKI,OKI,@HDOKI3
Degen AI by Virtuals,DGENAI,@DegenAI_0x
CheckDot,CDT,@checkdot_proto
Sparkle,SSS,@sparklefun2023
Chappyz,CHAPZ,@Chappyzcom
Shieldeum,SDM,@Shieldeum
PolarisCloud.ai,SN49,@polariscloudai
I.R.I.S,IRIS,@NethermindEth
ANGL TOKEN,ANGL,@ANGL_Token
Whale Intel,WINT,@WhaleintelAI
≈∏,YAI,@yai_erc
Bostrom,BOOT,@cyber_devs
Jim,JIM,@JimAIstudios
listen-rs,LISTEN,@piotreksol
Comput3,COM,@comput3ai
Fyni AI by Virtuals,FYNI,@FyniAI
OctonetAI,OCTO,@octonetai
Wisdomise AI,WSDM,@wisdomise
Assisterr AI,ASRR,@assisterr
Chirper AI,CHIRP,@chirperai
Chirpley,CHRP,@chirpley
Laika AI,LKI,@Laika_ai
PureFi,UFI,@Purefi_Protocol
Paribus,PBX,@paribus_io
Eli5a,ELI5A,@eli5xt
BitDoctorAI,AIDD,@BitDoctorAI
VectorChat.ai,CHAT,@vectorchatai
KIP,KIP,@KIPprotocol
Cypher Tempre,CPHY,@cyberphysicsai
"Michael Taolor ‚ö°Ô∏è (œÑ , œÑ)",TAOLOR,@michaeltaolor
VentureMind AI,VNTR,@VentureMindAI
LEEK,LEEK,@LeekSol
Starly the $STAR‚Ñ¢ Guide,$STAR,@Starlythestar
zoey - your longevity coach by NetMind XYZ,NML,@NetmindLife
Kudai,KUDAI,@Kudai_IO
Loomlay,LAY,@loomlayai
Verida Token,VDA,@Verida_io
GAM3S.GG,G3,@GAM3Sgg_
Pippin's Friend,DOT,@pippinlovesdot
InsightX,INX,@InsightXnetwork
Gradient Protocol,GDT,@Gradient_GDT
DORA AI by Virtuals,DORA,@xDora_ai
Messy Virgo,MESSY,@MessyVirgoCoin
MIAO,SN86,N/A
Arbius,AIUS,@arbius_ai
AGiXT,AGIXT,@AGi_XT
Athena by Virtuals,ATHENA,@0xAthenaAI
ASYNCHRONUS by Virtuals,ASYNC,@asynchronus_ai
HotKeySwap,HOTKEY,@HotKeySwap
BEATS on BASE,BEATS,@BeatsOnBase
AgentiPy,APY,@AgentiPy
Expand,XZK,@Expandzk
Capminal,CAP,@capminal
LilAI,LILAI,@lilTheAI
Gluteus Maximus by Virtuals,GLUTEU,@gluteu_virtuals
Solace,$SOLACE,@solacelaunch
SUI Agents,SUIAI,@SUI_agents
Robora,RBR,@UseRobora
Dolos The Bully,BULLY,@dolos_diary
Agent YP by Virtuals,AIYP,N/A
NOTAI,NOTAI,@thenotai
MOSS AI,MOSS,@0xMOSSAI
AthenaX9,AIX9,@Aiathenax9
AROK.VC,AROK,@AROK_VC
Maneki AI by Virtuals,MANEKI,@Maneki_DeFi
MoonPrime Games,LUNAR,@moonprimegames
TAOlie Coin,TAOLIE,@TAOlie_SOl
B-cube.ai,BCUBE,@Bcubeai
XO Protocol,XOXO,@XO_app
WIDI,WIDI,@WIDITDOTFUN
Ring AI,RING,@TryRingAI
Shopping.io,SPI,@shopping_io
iLuminary Token,ILMT,@iLuminaryAI
Gekko AI by Virtuals,GEKKO,@Gekko_Agent
EXODAS,EXO,@exodas_ai
LayerAI,LAI,@LayerAIorg
Twin Protocol,TWIN,@twinprotocolAI
TokenOS AI,TOS,@TokenOS_AI
AI ROCKET by Virtuals,ROCKET,@airocket_agent
AgentHub,DIRA,@dira_network
nomAI,NOMAI,@0x_nomAI
Cindicator,CND,@Cindicator
Crypticorn,AIC,@CrypticornAI
COQ AI,COQAI,@COQ_AI
Tao CeœÑi,CETI,N/A
VPS Ai,VPS,@VPS_AI
AuditAI,AUDAI,@Audit_Ai_
Deployyyyer,DEPLOY,@Deployyyyer
Satori Network,SATORI,@SatoriAssoc
DeepCore AI,DPCORE,@DeepCore_io
Morpheus Infrastructure Node,MIND,@morpheuslabs_io
Saul GoodAI,SAUL,@saulgoodlives
Sploots by Virtuals,SPLOOT,N/A
Social Trade,ST,@socialtradeai
cliza,CLIZA,@ClizaSystems
Infinaeon,INF,@Infinaeon
Mantis,M,@mantis
ChadFi,CHADFI,@ChadFiAI
Liquid Agent,LIQUID,@LiquidAgentAI
Javlis,JAVLIS,@javliscom
SocialGrowAI,GROWAI,@SocialGrowAI
Cucumber Trade,CUC,@TradeOnCucumber
ai16zeliza,ELIZA,@ai16zeliza
AI PIN,AI,@aipin_io
Glades,GLDS,@GladesAI
Imprnt,PRNT,@imprnt_ai
Neurvona,NEURVONA,N/A
Terminal,TERMINAL,@terminal__co
Artificial CZ,AICZ,@ArtificialCZ
Envision Labs,VIS,N/A
PLOI,PLOI,N/A
CADAI,CADAI,@Cadaico
Solify100,S100,@Solify100
Y8U,Y8U,@y8udotai
Lumo-8B-Instruct,LUMO,@lumolabsdotai
JuliaOS,JOS,@BuildOnJulia
AI Power Grid,AIPG,@AIPowerGrid
Kolwaii by Virtuals,VIBES,@kolwaii
HEXAR AI,HEXAR,N/A
Simple AI,SMPL,@SimpleAI_
Gabriel,GABRIEL,@Foundational_AI
SuperDapp,SUPR,@SuperDappAI
opTrade AI,OPTR,@optrade_ai
StarryNift,SNIFT,@StarryNift
Node Sphere AI,NSAI,@NodeSphereAI
AIOS Foundation,AIOS,@aios_foundation
ProtoKOLs,KOL,@Protokols_io
QUAIN,QUAIN,@quaindotcom
Quad Terminal,QUAD,@quadency
Deep Agents,DEEP,@deep_agents
TTAI,TTAI,@TagAIDAO
Paca AI,PACA,@AlpacaNetworkAI
AI‚Å¥,AI4,@SingulantChain
Defidash,DEFIDASH,@defidash_Agent
Trackgood AI,TRAI,@trackgoodai
Duck AI,DUCKAI,@askduckai
Homo Memetus,HOMO,@homo_memetus
DONNIE$,DONNIE$,@DONNIES_AI
Maya World,MAYA,@Mayaworldai
Solaris AI,SOLARIS,@SolarisAI_fun
Bink AI,BINK,@bink_ai
THREE,$THREE,@ThreeProtocol
VIBE AI,VIBE,@VIBEaiRforce
Polytrader by Virtuals,POLY,@Polytraderagent
ZAYA AI,ZAI,@ZayaAI_PathDx
AIMX,AIMX,@AimedisGlobal
AI Agent Layer,AIFUN,@AIAgentLayer
Yuku AI,YUKU,@yukuapp
Neurashi,NEI,@Neurashi
AGIX,AGX,@0xAigentx
Giants Protocol,G,@giantsprotocol
Flagship by Virtuals,FYI,@FlagshipFYI
MOE,MOE,@nebula_moemate
AgentLayer,AGENT,@Agent_Layer
Zero Connector,ZEROC,@ZeroConnector
VoluMint,VMINT,@Volumint
CertaiK by Virtuals,CERTAI,@CertaiK_Agent
The Audit Oracle,AUDIT,@auditoneagent
POLAR AI,POLAR,@PolarBerAI
Blendr Network,BLENDR,@BlendrNetwork
STYLE Token,STYLE,@STYLEProtocol
neur.sh,NEUR,@neur_sh
Moontax,CPAI,@OfficialCPAI
Unmarshal,MARSH,@Unmarshalai
XALPHA.AI,XALPHA,@XAlphaAI_Team
AIR3 AIRewardrop,AIR3,@AIRewardrop
Databot,DATA,@databot_xyz
SAA-AI,DRPAL,@drpal_ai
Dobi,DOBI,@dobi_terminal
The Css God by Virtuals,WEBSIM,@JustInverseIt
Universal Operating System,$UOS,@Universal_O_S
Generaitiv,GAI,@generaitiv
OptionsAI,OPTION,@optionsaierc
AI Shell NOVA,NOVA,@AiShellNova
GG3,GGX,@GG3_xyz
Skillful AI,SKAI,@SkillfulAI
DeepLink Protocol,DLC,@DeepLinkGlobal
Orchai,OCH,@orchai_protocol
Kryptonite,SEILOR,N/A
Clustr,CLUSTR,@clustr_labs
Guru Network,GURU,@xgurunetwork
Darwin,DARWIN,@darwinslab_ai
Flourishing AI,AI,@flourishingai
PrompTale AI,TALE,@PrompTale
Dopamine,DOPE,@myDopamineApp
Meme AI Coin,MEMEAI,@Memeaicoin
H1DR4 by Virtuals,H1DR4,@h1dr4_agent
aiRight,AIRI,@aiRight_io
Aurk AI,AURK,@aurk_ai
Top Hat,HAT,@TopHat_One
Shogun,SHOGUN,@Shogun__base
Tradescoop by Virtuals,SCOOP,@tradescoopHQ
J3FF by Virtuals,J3FF,@RIFTAI_
AgentTank,TANK,@AgentTankLive
TAOSHI,TAOSHI,@taoshi_sol
Cloudland,CLO,@cloudlandai
Arvos AI,ARVOS,@arvos_ai
Alliewai by Virtuals,AWAI,@allie2wai
CHAISavings,CHAI,@ChaiOpenLabs
Tycoon by Shareland,TYCOON,@sharedotland
PettAI,AIP,@pett_ai
SHAFT (Strategic Hub For AI-Focused Technology),SHAFT,@shaftfinance
Skynet,SKY,@theskynetxbt
Evolve Network,EVOLVE,@evolvenetworkai
Inbox,INBOX,@InboxApp_
VolatilityX,VOLTX,@Xvolatility
AGIXBT by Virtuals,AGIXBT,@agixbt
Reality Spiral,RSP,@reality_spiral
blormmy,BLORMMY,@blormmy
MATES,MATES,@MoemateAI
AIMERICA,UAI,@aimericauai
DackieSwap,DACKIE,N/A
Anti Rug Agent,ANTIRUG,@antirug_ai
Xenopus laevis,XENO,@Xenopus_v1
CPA by Virtuals,CPA,@CPAxbt
Universal Basic Compute,UBC,@LesterPaints
Weird Medieval Memes,WMM,@MedievalMemesAI
H4CK Terminal by Virtuals,H4CK,@h4ck_terminal
SOLA AI,SOLA,@TheSolaAI
FREGO,FREGO,@GetFrego
Generative Market eXplorer,AIGMX,@aigmx_agent
YoYo,YOYO,@YoYo_Agent
EchoLeaks by Virtuals,ECHO,@0xEchoLeaks
Legend,$LEGEND,@LegendAI_Agent
MAXX AI,MXM,@maxxmxmcoin
aiws,AIWS,@aiwscloud
Victorai by Virtuals,VCTRAI,@Aigent_Victorai
XOE,XOE,@XoeXoeXoe
SPIRA,SPIRA,@spiraagent
_gai16zbrielShai16zpr0,GAIB,@flex__node
SENSUS,SENSUS,@0xSensus
LPC_Ai_Lumi by Virtuals,LUMI,@lumi_virtuals
WELL3,$WELL,N/A
Agent Vilady TV,VILADY,N/A
aiPump,AIPUMP,@aiPump__
Kitsune,$KIT,@agent_kitsune
Woonkly,WOOP,@woonkly
Sandy Codex,SANDY,@codexsandy
Scoutly AI,SCOUT,@scoutlygg
Crime Lizard,CLZD,@CrimeLizardBNB
TaoBank,TBANK,N/A
CV3,CV3AI,@CV3Base
MISATO,MISATO,@Misato_virtuals
RWAI by Virtuals,RWAI,@RWAIAgent
Daige,DAIGE,@daigeagi
DEGA,DEGA,N/A
Shield protocol,SHIELD,@ShieldProtocols
PHASMA,PHASMA,@phasmafuture
Verox,VRX,@verox_aicrypto
Mozaic,MOZ,@Mozaic_Fi
PrimoAI,$PRIMO,@primoai_agent
WAVE,WAV,@WaveOnSui
Ali for fx protocol by Virtuals,FX,@protocol_fx_ali
whim.bet by Virtuals,WHIM,@whimdotbet
ghostwire,GWIRE,@ghostWIRE_SYS
Sui DePIN,SUIDEPIN,@suidepinai
iAgent Protocol,$AGNT,@iAgentProtocol
Agentlauncher,CVAI,@CVAgentlauncher
Nuwa World by Virtuals,NUWA,@nuwa_world
LIMITUS,LMT,@limitusintel
Ace Data Cloud,$ACE,@acedatacloud
Beat Matchmaker,BEAT,@BeatMatchmaker
nftxbt,NFTXBT,@nft_xbt
Atua AI,TUA,@AtuaAI
KOLZ,KOLZ,@ChatKolz
Dr Emma Sage,EMMA,@DrEmmaSage
Arcturian AI by Virtuals,LIGHT,@ArcturianLabs
GeorgiaAI,GEAI,@Georgia_AI
PSEUDO REALITY,PSEUDO,@PseudoSolana
LESTER by Virtuals,LESTER,@LesterVirtuals
JailbreakMe,JAIL,@jailbreakme_xyz
gemxbt,GEMXBT,@gemxbt_agent
Virtuals Ventures by Virtuals,VVC,@virtuals_vc
REI AI by Virtuals,REI,@reiai_xyz
KIGU,KIGU,@AgentKigu
Assimilate,SIM,@assimilate_cc
Holozone,HOLO,@HolozoneAI
QudeAI Framework,QUDE,@qude_framework
WHISP,WHISP,@whispersai
AI Dev Agent,AIDEV,@AIDevAgent
baibysitter,BAIBY,@baibysitter
OpMentis,OPM,@opmentis_ai
Eastworld,SN94,N/A
Vault AI,$VAULT,@VaultAIHub
Social Lens Ai,LENS,@SocialLensAI
MAIAR,MAIAR,@maiar_ai
Tao Accounting System,TAS,@tas_financial
AskTianAI,TIAN,@AskTianAI
SUISSMA AI by Virtuals,SUISS,@SuissmaAi
HyperAGI,HYPT,@HyperAGIAI
kwantxbt,KWANT,@kwantxbt
AI-Powered CMP,AICMP,@BTCFSIC
EIGENCODE,CODE,@eigencode_dev
iG3,TOPS,@iGAM3_ai
UIUI,UI,@uiui_wtf
Dessistant by Virtuals,DESS,@Dessistant
ArcadiaOS,ARCOS,@ArcadiaOSAI
Mello AI,MELLO,@MelloHealthAI
Omnis Genesis by Virtuals,OMNI,@mind_circuit
Hiero Terminal,HTERM,@HieroTerminal
2DAI.io,2DAI,N/A
FAME AI,FMC,@GetFameAI
Phi Protocol,PHI,@phiprotocolai
launchbot,ROCKETAI,@rocketdotfun
aixrp,AIXRP,@aixrp_agent
OmniMinds,OMNIS,@omnimindsai
BUILD,BUILD,@usebuildfun
Mind AI,MA,@MindAI_io
Emilia,EMILIA,@EmiliaDeFAi
SUI Desci Agents,DESCI,@DeSci_Agents
JUST KIRA,KIRAI,@JustKiraTings
xFractal,FRACTAL,@xfractaldotfun
ai9000,AI9000,@delaunch
Vainguard,VAIN,@vainguard_ai
ChainAware.ai,AWARE,@ChainAware
Ruri - Truth Terminal's Crush,RURI,@ruriaisol
Auralex AI,AURA,@Auralexaieth
DND,DND,@dndNGMI
StellaryAI,STELAI,@StellaryAI
ATA by Virtuals,ATA,@ata_virtuals
FOMO RADIO AI,RADIO,@FomoRadioAi
Seraph by Virtuals,SERAPH,@SeraphAgent
NodelyAI,$NODE,@OfficialNAIeth
Hash Hunter,HNTR,@hashhunterbot
Saitoshi by Virtuals,SAI,@saitoshiagent
HYPE3.cool,COOL,@hype3dotcool
Zen AI,ZENAI,@ZenAi_Solana
All In,ALLIN,@allinerc20
Vapor,VAPOR,@vaporwarefun
Eve AI,EVEAI,@_EveAI
BENJAMIN,BENJI,@UnleashBenjamin
AlphaArc,ALPHA,@AlphaArc4k
Lux Token,LUX,@lux_gg_official
cr0w by Virtuals,CROW,@cr0w_agent
Tokito,TOKITO,@tokitoai
Internosaur,$INTERN,@Internosaur
Hunter by Virtuals,DRPXBT,@drpxbt
handle.fi,FOREX,@handle_fi
Pollo,POLLO,@pollodotlol
Agent Smith,SMITH,@0xSmithAI
AI GOD,AIG,@aigodvirtual
XAVI by Virtuals,XAVI,@AgentXAVI
Ask Brain,BRAIN,@askbrain_AI
Grafi,GRAFI,@Grafilab_io
The Blinking AI Cat - Catfather,CATF,@theblinkingcat
Ape Intelligence,AI,@InternLabs_AI
Blacktail AI,BLACK,@BlackTailAI
PULSR,$PULSR,@Pulsrcoin
Matrix,MATRIX,@MatrixAiagent
YUUKI,YUUKI,@full_house_gg
ELYTRA,ELYTRA,@Elytra_Virtual
Kogin by Virtuals,KOGIN,@Kogin_ai
Songjam by Virtuals,SANG,@songjamspace
Syntor Ai,TOR,@syntorai
OCADA.AI,OCADA,@ocada_ai
REAL ESMATE by Virtuals,EMATE,@RealEsmate
NIKITA by Virtuals,NIKITA,@VirtualsNikita
Raiinmaker,RAIIN,@raiinmakerapp
Finna AI,FINNA,N/A
GENZAI by Virtuals,GENZAI,@genzailabs
Isaac X,ISAACX,@IsaacXDiscovery
SynthesizeAI,SYNTH,@synthesizeai
Artto AI,ARTTO,@artto_ai
Liminal Agent by Virtuals,LMNL,@LMNLAgent
KanzzAI,KAAI,@Kanzz_AI
BROT,BROT,@blockrotbot
Sage Market,SAGE,@sagestudiosai
Khorus,KHO,@khorusio
DeFAI,DEFAI,@defai_dao
Fusion AI,FUSION,@Fusion_ERC20
Ambient AGI,AGI,@ambientagi_ai
NeurochainAI,NCN,N/A
Crestal Nation,NATION,@crestalnetwork
aether collective,AETHER,@aetherdotfun
aibeats,AIBEATS,@aibeatsfun
PipeIQ,PIPEIQ,@pipeIQai
Animus,ANIMUS,@animusuno
Bark Ruffalo by Virtuals,PAWSY,@TrulyADog
IF Science,IFSCI,@ifsci_ai
DREAM by Virtuals,DREAM,@DR3AM_AI
Lola,LOLA,@lola_onchain
Agent Zeek by Virtuals,ZEEK,@agent_zeek
MindAI,MDAI,N/A
Tickeron,TICKERON,@Tickeron_Token
Flame,FLAME,@Flame__live
Thales AI,THALES,@Thales_ai
SYLVI AGENT,SYLVIAI,@Sylvi_Agent
Neuravox,$VOX,@NeuraVoxAI
Keira,KEIRA,@KeiraxAI
Redacted Terminal,‚ñà‚ñà‚ñà,@rndterminal
Tairon,TAIRO,@TaironAI
Cluster,CLSTR,@dndNGMI
Agora by Virtuals,AGORA,@AgoraAgent
Camille,CAMILLE,@MeetCamille
SKAINET,SKAI,@skainetxyz
ItronixAI,ITXS,@itronixAI
NazareAI,NAZAREAI,@nazareaicom
Silentis,SILENTIS,@Silentisproject
Senti AI,SENTI,@SentiAI_BNB
Mindscraft,MINDS,@MindscraftAI
Market Maverick,LUIGI,@LuigiRFRM
KarmaVerse by Virtuals,KARMA,@KarmaverseAI
Moxie,MOXIE,@moxie_xyz
Rick the NPC,RICK,@rickthenpc
GemDetector.ai,GEMAI,@GemDetectorAI
Acid AI,ACID,@acidAIapp
Internet of Intelligence,SN108,N/A
OSCA Stack,OSCA,@oscastack
Magnus Opus by Virtuals,MAGNUS,@MagnusOpusAI
Pillzumi,PILLZUMI,@pillzumi
CodEase,CODON,@CodEasePro
Browsr AI,BRWS,@browsrai
Corporate Audit AI,AUDIT,@corpauditai
Dojo Protocol,DOAI,@DOJOGPU
ZerePy,ZEREPY,@ZerePyCommunity
2077 CODE,2077,@2077codes
ZKGPT,ZKGPT,@zkgptio
NOTMEME Agent,NOTMEME,@notmeme_app
Druid AI,DRU,@DruidAi_APP
Agok,AGOK,@agok_ai
CREATOR,CREATOR,@AICreatorSEO
sentient memes producer,MEMETIC,@memeticink
Nyla AI,NYLA,@AgentNyla
RIZZ,RIZZ,@rizzclubhq
SEDUX AI,SEDUX,@SeduxAIonSol
Veritas,VPT,@veritas_web3
EpiK Protocol,AIEPK,@EpikProtocol
WAGMI,WAGMI,@wagmiglobal_
Lee Quid,LEE,@LeeQuid_AI
SPY AI AGENT by Virtuals,SPYAI,@0xSpyai
Otto,$OTTO,@OttoOnChain
AGENT DOGE by Virtuals,AIDOGE,@agentdoge007
Mizuki,MIZUKI,@_Mizuki_exe
GIGABRAIN,GIGAüß†,@GigaBrainDotSo
BRAZA by Virtuals,BRAZA,@BrazaAI
Metadrip,DRIP,@metadripai
NORA,NORA,@talktonora
PsyNova Token,PSY,@PsyNova_AI
LUMI AGENT,LUMI,@lumiagent
Lead Ai,LAI,@OfficialLeadAI
Agentify AI,AGF,@agentifyxyz
ThreatSlayerAI by Virtuals,SLAYER,@threatslayerAI
Rosscoin,ROSSCOIN,@RealRossCoin
Bacon Protocol,BAC,@Bacon_Protocol
Oxai,OXAI,@OxaiNetwork
AI Trader Agent,AIT,@ait_agent
Skyops,SKYOPS,@SkyopsLabs
Curiso,CUR,@curisoai
Ringfence,RING,@RingfenceAI
AI Voice Agents,AIVA,@AIVoiceAgents
XEXAMAI,XEXAI,@i
ELIXIR AI,ELXAI,@elixir_sol
OCTORA AI,OCTA,@octora_agent
WuAI,WUAI,@WuAI_Platform
noderzz by Virtuals,NODE,@noderzzxyz
Quasar,QUASAR,@quasarsocialai
Crazzers AI,CRAZZERS,@CrazzersAI
Bird.Money,BIRD,@_birdmoney
TrancheVest,TRANCHE,@TrancheVest
Citadel by Virtuals,CITDEL,@citadel_agent
Quant Trader Agent,QUANTAGENT,@QuantAgent_
ALRIS AGENT,ALR,@alrisagent
Degenerator Project,GNRT,@GNRTtoken
Launch On USD1,L,@LaunchOnUSD1
Origent Ai,ORI,@OrigentAi
NeuroStack,VISION,@NeuroStackAI
Ongo,ONGO,@ongo_ai
Cerebrum,CBM,@cerebrumdev
STORAGENT,STORAGENT,@storagent
Flow Agent,FLOW,@flowagentapp
Riddle by Virtuals,RIDDLE,@riddledotfun
AIBattleGround,AIBG,@AiBattleGroundX
ailive,AILIVE,@ailiveco
EraLabs,ERALAB,@EraLabs_AI
SimsAI,SIMSAI,@sims_ai
VirtuBeauty by Virtuals,VBEA,@VirtuBeauty
Exodus AI,EXO,@AiExodus
Universal Operating System [OLD],$UOS,@Universal_O_S
Eye Future by Virtuals,EYE,@EyeFutureAI
GoosepumpsAI,GOOSEPUMPS,@GoosepumpsAI
Cyphomancer,42,@cyphomancer
FACELESS,FACELESS,@faceless_so
REPO ANALYZER AI,REPOALYZE,@repoanalyzer
Paperclip AI,PAPERCLIPS,@Paperclip_AI
Samsara.Build,SAMS,@samsara_build
CROY AI,CROY,@CROYTOOLS
Tensorium [OLD],TNSR,@AgentHustleAI
Artificial Isle Clams,CLAMS,@artificialisle
Vicky,VICKY,@Vicky_popstar
Alchemist Accelerate,ALCH,@ALCHDAO
Leonardo AI,LEONAI,@Leonardo__AI
Just Juni by Virtuals,JUNI,@Storytime_Juni
Zentium Tech,ZENT,@Zentium_tech
SHILLGUY,SHILL,@SHILLGUY_AI
Bloomsperg Terminal,SPERG,@sperg_ai
MORRIS,MORRIS,@morrisii_x
Rina By Arc,RINA,@Rina_RIG
Sentiient,SENT,@SentiientAI_
Shift AI,SHIFT,@DeployShift
IAMAI,IAMAI,@iamai_wtf
Waveform,WAVE,@waveformbackup
Sigma Music,FAN,@SigmaXMusic
lenda on chain,LENDA,@lendaonchain
Visual Workflow AI,FLOWAI,@Work_Flow_AI
UA1,UA1,@ua1dotai
23 Turtles,AI23T,@Ai23Turtles
General Impressions,GEN,@gen_impressions
Boofus by Virtuals,BOOF,@AiBoofus
ACORE AI Token,ACORE,@acore_ai
Solace AI,$SLCE,@solaceonsol
AAAI_agent by Virtuals,AAAI,@aaai_agent
RELIGN,RELIGN,@relignai
SUPAH,SUPH,@supah_based
Inferium,IFR,@InferiumAI
intellika AI,INTAI,@intellika_AI
Agenius,AGNS,@madnessdotfun
39a.fun,39A,@39adotfun
Middle Earth AI,MEARTH,@MiddleearthAI
DocuSol,DOCUSOL,@docusol_
S≈çz≈çAI,SOAI,@sozoai_sol
Aesoperator,AESOPERATOR,@aesoperator
TracyAI by Virtuals,TRACY,@HeyTracyAI
SOLY AI,SOLY,@Soly_AI
Prol AI,PROL,@prol_ai
SuperFruits AI,SUPAI,@SuperfruitsAi
Dealr.fun,DEALR,@Dealr_dotfun
O-megax,O-MEGAX,@OmegaXhealth
SAIOS,SAI,@saios_app
DEXAI,DEXAI,@dexaicom
Scriptonia,SCRIPT,@Scriptonia_xyz
Cove Quant,COVE,@TheCoveQuant
Moongate Fun,MGTAI,@moongatebsc
RivusDAO,RIVUS,N/A
AgentMe,AGME,@0xHyperAGI
BoltAI,BOLTAI,@BoltAI_X
Depot App,DEPOT,@depot_app
EonIQ,EONIQ,@Eon_IQ
Maximize AI,MAXI,@maximize_ai
HedgewaterDAO,$HWTR,@HedgewaterDAO
Bubblebid,BBB,@bubble_bid
ALINA AI,ALINAINTEL,@alinaintel
PILSO OS,PILSO,@Pilso_OS
ECO AI,ECO,@ecoai_solana
Miraya 7f,M7F,@miraya7f
CAIRE,CAIRE,@CAIRE_Onchain
PathOS,PATHOS,@pathos_agent
Lillo AI,$LILLO,@Lillo_ai
Yod Agent,YOD,@YodAgent
Agentik DEX,AGENTIK,@AgentikDex
Trackius.ai,TKUS,@trackiusai
minji,MINJI,@minji_aniverse
ReinforcedAI,SN92,N/A
Pixel,PXL,@yourfriendpixel
OKBOK,OKBOK,@jeekrishana
ZALPHA,ZALPHA,@ZapAlpha_
Alice,ALICE,@alicecyberspace
Dolphin Agent,DOLA,@Dolphin_Agent
Sports Analyst AI,SPORT,@StaicySport
Typen,TYPEN,@0xtypen
LoomSync,LOOM,@LoomSync
Neuro Paranoid,NEURO,@neuroparanoid
A.I Agent kAia,KAIA,@AiAgentkAia
Trump AI,$TRUMPAI,@Talk_to_trump
CeluvPlay,CELB,@CeluvPlay
CLI.AI,CMD,@clidotcloud
Flare AI,FLARE,@flareai_xyz
Buildr,BLDR,@buildr_bot
FUNGI,FUNGI,@FungiAgents
ModPanda,PANDA,@ModPandaaa
Claude,MCP,@mcpgpt
Julia Swarm Syndicate,JSS,@swarmsyndicate
DearBook.AI,DEARBOOK,@DearBookAI
Vaultec,VLT,@VaultecNetwork
Mentat,SPICE,@AI_Mentat
Xerox Player Agent,XERAI,@PlayerXerox
ASCIA,ASCIA,@ascia_ai
CortexZero,CORTEXZERO,@cortexzeromind
1Hub.ai,1HUB,@1HubAI
DIGGER AI,DIGGAI,@Digger_AI_
Safe Quantum Wallet,SQW,@SafeQuantumW
AInalyzr,AINAL,@0xAInalyzr
MEMECAST.AI,MCAI,@memecastdotai
Prediction Arena,ARENA,@Pr3dictionAr3na
Kira AI,KIRA,@KiraAiErc20
CipherAI,CIPHER,@CipherAiToken
Descipher Fund,DESCI,@DescipherFund
AGISTRY,AGI,@agistry_ai
Baby Sen by Sentio,BSEN,@babysentio
CloneX AI,CLX,@CloneXAI_Eth
OX Labs,OXLABS,@OXLabsAI
Perspective AI by VIRTUALS,PAI,@_PerspectiveAI
SugarBlock,SUGARB,@SugarblockDepin
ZenMemory AI,ZMEN,@ZenMemoryAI
chatXZI by AI,CXZI,@chatxzi
UNIDATA,UNIDATA,@Un1Data
B1OAI,B1OAI,@B1O_AI
Aimbot AI,AIMBOT,@aimbot_ai
Alice,ALICE,@askaliceai
Context Layer,CXLYR,@Contextlayereth
XyraDAO by VIRTUALS,XYRA,@Xyra_Dao
Argo,ARGO,@Argo_workflow
Vocalad,VOCL,@VocaladAI
SamurAI,SAMURAI,@Django_samurAI
Eva AI Companion,EVA,N/A
TaxSolutions AI,TSAI,@TaxSolutionsAi
ETHforestAI,ETHFAI,@ETHforestAI
NoDev AI,NODEV,@nodevsol
Agent4X,AGENT4X,@Agent4X_bsc
Yara AI,YARA,@yara_system
Trebly,TREB,@TreblyAI
Alpha Lens X,ALPHAX,@AlphaLensX
Memecoin Sniping Solutions AI,$MESSA,@OxMESSA
ZenAI,ZEN,@xenai_xlayer
AIGG,$AIGG,@aigg_agent
HyperFly,FLY,@hyperflyai
HyperSeed,HPR,@hyper_seed
Cypher AI,CYPHER,@cypheraieth
Levia_us,LEV,@Levia_us
Osiris,OSIRI,@theosirisai
Filter AI,FILTER,@Filter_AI
SenaraFlow,SNFL,@SenaraFlow
MemeHive AI,MHIVE,@MHive_AI
Deeptrail,DPTL,@DeepTrailForge
Repolite,REPOLITE,@repoliteai
ORCA,ORCAI,@ORCADEFAI
Yoko,YOKO,@yokodotlive
Bonsai Token,BONSAI,@onbonsai
Buyai,BAI,@BuyAIPlatform
Mirada AI,MIRX,N/A
Robert,ROBERT,@RobertAI_ERC20
SPLASH AI,SPLASH,@SuiSplashAi
Haven,HAVEN,@HavenLabs_
INT OS,INTOS,@IntOSLabs
taonado,SN113,N/A
AI Factory,SN80,@ai_factory_bit
Trava Finance,TRAVA,@trava_finance
AppDuck by Virtuals,DUCK,@appduckai
Vectorspace AI X,VAIX,@VectorSpaceBio
FRACTRADE,FRAC,@fractrade_xyz
AIQuant.fun,AIQ,@aiquantfun
GoatIndex.ai,AIAI,@GoatIndexAI
FX1Sports,FXI,@FX1Sports
AI Meta Club,AMC,@AIMetaClub
Kolscope,$KSCO,@KolScopeTech
Archivium,ARCHIVE,@Archivium_
DIN,DIN,@din_lol_
NeuroWeb,NEURO,@NeuroWebAI
nfinityAI,NFNT,@nfinityAI
Alice,ALICE,@alicedotfun
Balance AI,BAI,@Balance_AI
AGII,AGII,@TheAGII
BAD Coin [OLD],BADAI,@badai_io
AIvalanche DeFAI Agents,AVAXAI,@ai_avalanche
Nexa,NXA,@NexaAgent
The Next Gem AI,GEMAI,@NextGemAI
Truebit Protocol,TRU,@Truebitprotocol
AID,AID,@aidav2_official
SoundsRight,SN105,N/A
NodeQAI,NQAI,@nodeqai_ETH
Murasaki,MURA,@IdolMurasaki
Legend,LEGEND,@belegends_ok
Sora AI,SORA,@SoraAIToken
Functionland,FULA,@functionland
AI Waifu,WAI,@aiwaifugg
Aiccelerate,AICC,@aicceleratedao
ZoRobotics,ZORO,@zorotechnology
Staked TAO (Root),SN0,N/A
AI Protocol,AI,@AI_ProtocolX
SYMBaiEX,SYMX,@SYMBiEX
Nimbus AI,NAI,@NimbusChatAI
SUIA,SUIA,@Suia2023
Matrix One,MATRIX,@MatrixOneAI
Lurky,LURKY,@teamlurky
Baron Von Whiskers,BARON,@BaronVonWhisk
GAIMIN,GMRX,@GAIMINglobal
PrivateAI,PGPT,@privateaicom
Imagen Network (BSC),IMAGE,N/A
Bridge AI,BRG,@bridge_oracle
SecureChain AI,SCAI,@SecureChainAI
Cipher Protocol,CIPHER,@cipher_protocol
DeFi Agents AI,DEFAI,@AIDefiAgents
Aeris AI,AERIS,@AerisBscNew
Tenna by Virtuals,TENNA,@Tenna_virtuals
2DAI.io[Old],2DAI,@2DAICommunity
Holdstation [OLD],HOLD,@HoldstationW
VuzzMind,VUZZ,@VuzzMind
ReflectionAI,RECT,@ReflectionAI_
Grindery X,GX,@grindery_io
HyperCycle,HYPC,@Hypercycle_AI
Karma,KARMA/SOL,@karmawallet
Bitcoin On Virtuals,BTCV,@BTC_On_Virtuals
Griffin AI [OLD],GAIN,@Griffin_AI
Purple AI,PAI,@PurpleSquareAI
Bubsy AI,BUBSY,@BubsyAI
Panchain,PC,@panchainnetwork
xHashtag,XTAG,@xhashtagio
Gracy,GRACY,@gracytoken
CryptoAI,CAI,@cryptoai_erc
Hybrid,HYB,@BuildOnHybrid
GPT Wars,GPTW,@GPTWars
BlockFi,BFI,@blockafi
QU3ai,QU3,@qu3ai
OmegaX Health,OMEGAX,@OmegaXhealth
Virtu Network,VIRTU,@VirtuNetwork
xLLM2,XLLM2,@xLLM2_AI
BNV,FASH,@bnv_foundation
Cyberlife,LIFE,@cyberlifegg
Quantum,QUANTUM,@qntmchain
Quantlytica,QTLX,@quantlytica
Project Ailey,ALE,@aileyverse
WienerAI,WAI,@WienerDogAI
Adix,ADIX,@AdixAI
ZKCrypt AI,ZKAI,@ZKCryptAI
Pilot3 [OLD],PTAI,@pilot3ai
Iris Ecosystem,IRISTOKEN,@Iris_token
Reform DAO,RFRM,@reformdao
OPEN GPU,OGPU,@OGPUOfficial
Gensyn,AI,@gensynai
HarvestAI,BTH,@bitharvest_io
COGNI AI,COGNI,@CogniAIAgents
Kvants AI,KVAI,@kvantsai
Astrena AI,RENA,@astrenaai
Warden,WARD,@wardenprotocol
InteNet,INT,@IntenetAI
dTelecom,DTEL,@dtelecom
Zesh AI Layer,ZAI,@ZeshApps
Lumera,LUME,@lumera
Spawn Tools,SPAWN,@spawntools
Sentient,SENT,@SentientAGI
Reveel,REVA,@r3vl_xyz
Acurast,ACU,N/A
AIShare,AISHARE,@ai_shareai
Gopher,GOAI,@gopher_ai
MoveAI,MAI,@MoveAIOfficial
OPZ,OPZ,@OPZ_Official
Immunefi,IMU,@immunefi
iMonster Ai,IMON,@iMonsterAi
Ozak AI,OZ,@OzakAGI
Friendly GIANT AI,GIANTAI,@GiantAI_agent
